{"episode_length":113,"_step":1286,"global_step":17737,"_runtime":99.910789,"loss":0.5938938916125128,"mean_td_error":0.27155837976678676,"_wandb":{"runtime":99},"mean_q_value":9.053200401034154,"_timestamp":1.745071347994593e+09,"reward":113}